Emp_ID,First_Name,Last_Name,Date of Birth,SSN,State
John Mathews,John,Mathews,02/4/1991,*** - **9165,ND
Nathan Moore,Nathan,Moore,11/9/1978,*** - **7469,ME
Amanda Douglas,Amanda,Douglas,01/8/1990,*** - **6961,ID
Heather Andrews,Heather,Andrews,08/1/1976,*** - **1797,VT
Daniel Hernandez,Daniel,Hernandez,07/2/1976,*** - **7473,CO
Danny Pena,Danny,Pena,01/1/1978,*** - **9878,MN
Gary Knight,Gary,Knight,03/8/1994,*** - **1242,AR
Robin Carroll,Robin,Carroll,10/4/1972,*** - **7194,CA
Michelle Dickerson,Michelle,Dickerson,02/8/1984,*** - **2817,TN
Kimberly Gallegos,Kimberly,Gallegos,08/5/1972,*** - **7563,OR
Morgan Parker,Morgan,Parker,01/0/1986,*** - **4320,TN
Mason Rhodes,Mason,Rhodes,01/8/1977,*** - **4767,MD
Amy Griffin,Amy,Griffin,02/8/1973,*** - **1946,MA
Danielle House,Danielle,House,04/6/1975,*** - **9308,ME
Charles Greene,Charles,Greene,11/8/1992,*** - **2935,KY
Nicholas Martinez,Nicholas,Martinez,04/5/1979,*** - **1689,LA
Tracey Meadows,Tracey,Meadows,01/2/1988,*** - **6175,RI
Renee Evans,Renee,Evans,03/4/1991,*** - **2708,MT
Joseph Estrada,Joseph,Estrada,03/9/1984,*** - **2571,PA
Jeremy Warner,Jeremy,Warner,10/0/1987,*** - **1184,AL
Anthony Rodriguez,Anthony,Rodriguez,02/9/1983,*** - **3865,ID
Kristen Lopez,Kristen,Lopez,01/2/1978,*** - **8194,VA
Mark Mcdonald,Mark,Mcdonald,06/7/1984,*** - **0101,MT
Robert Freeman,Robert,Freeman,01/1/1984,*** - **5211,AR
Michael Reynolds,Michael,Reynolds,10/0/1994,*** - **8507,CA
Kristine Little,Kristine,Little,07/0/1974,*** - **1771,SD
April Barnes,April,Barnes,02/5/1983,*** - **3288,RI
Pamela Hodges,Pamela,Hodges,02/9/1989,*** - **1423,UT
Ronald Gilbert,Ronald,Gilbert,05/6/1974,*** - **4448,WY
Thomas Cooper,Thomas,Cooper,08/7/1972,*** - **9890,CO
Dakota Harrington,Dakota,Harrington,08/4/1972,*** - **7188,VA
Jennifer Porter,Jennifer,Porter,01/0/1991,*** - **5572,WI
Beverly Jordan,Beverly,Jordan,08/5/1986,*** - **3762,NM
Mark Brown,Mark,Brown,04/2/1975,*** - **8531,CA
Amy Ford,Amy,Ford,06/5/1974,*** - **6461,NC
Benjamin King,Benjamin,King,05/7/1973,*** - **8165,RI
Stephen Bryant,Stephen,Bryant,05/5/1991,*** - **6488,SD
Brandi Williams,Brandi,Williams,10/5/1989,*** - **8500,MD
Ashley Hutchinson,Ashley,Hutchinson,04/6/1994,*** - **1510,SC
Alisha Pacheco,Alisha,Pacheco,01/3/1982,*** - **2496,MI
Robert Campbell,Robert,Campbell,02/7/1973,*** - **9581,SD
Sandra Sanders,Sandra,Sanders,10/6/1980,*** - **1673,RI
Katherine Hensley,Katherine,Hensley,05/9/1991,*** - **7226,CT
Stacy Cox,Stacy,Cox,11/8/1976,*** - **0990,AL
Frank Barton,Frank,Barton,06/0/1993,*** - **5568,MA
Shannon Kramer,Shannon,Kramer,05/4/1980,*** - **7615,SC
Brenda James,Brenda,James,12/1/1977,*** - **3251,HI
Paula Edwards,Paula,Edwards,08/0/1988,*** - **0638,KS
Jennifer Rowe,Jennifer,Rowe,09/6/1980,*** - **9014,NY
David Foster,David,Foster,01/9/1990,*** - **6956,MO
William Boyle,William,Boyle,01/0/1988,*** - **0490,AR
Christopher Greene,Christopher,Greene,05/9/1972,*** - **8446,ID
Matthew Fuller,Matthew,Fuller,04/7/1980,*** - **2989,MS
Gabriela Nguyen,Gabriela,Nguyen,12/7/1981,*** - **3729,WA
Allison Diaz,Allison,Diaz,03/5/1994,*** - **8927,AR
Isaac Jordan,Isaac,Jordan,05/6/1986,*** - **0520,TX
Cheryl Bailey,Cheryl,Bailey,10/1/1991,*** - **1224,NC
Julie Castillo,Julie,Castillo,02/6/1988,*** - **4523,AK
Michael Adams,Michael,Adams,12/0/1986,*** - **3927,FL
Melinda Parsons,Melinda,Parsons,02/7/1986,*** - **8751,NE
Robert Campbell,Robert,Campbell,01/7/1987,*** - **3694,DE
Julie Nelson,Julie,Nelson,08/8/1994,*** - **1332,SD
Steven Nelson,Steven,Nelson,04/4/1989,*** - **2085,VT
Hailey Lynn,Hailey,Lynn,03/5/1973,*** - **9488,CA
Dillon Nguyen,Dillon,Nguyen,05/6/1978,*** - **4552,IL
Hannah Miller,Hannah,Miller,10/8/1973,*** - **4657,NY
Jeffrey Harris,Jeffrey,Harris,05/5/1994,*** - **4763,KY
Daniel Welch,Daniel,Welch,08/8/1982,*** - **6950,IL
Bryan Jackson,Bryan,Jackson,09/8/1982,*** - **8117,MD
Denise George,Denise,George,09/7/1990,*** - **4879,WI
Alicia Carney,Alicia,Carney,09/0/1989,*** - **9437,OH
William Peters,William,Peters,03/0/1986,*** - **7516,KY
Dustin Drake,Dustin,Drake,09/7/1993,*** - **5454,WV
Jessica Thornton,Jessica,Thornton,01/3/1983,*** - **2381,KS
Rebecca Wilson,Rebecca,Wilson,06/8/1980,*** - **6629,MI
Katherine Lane,Katherine,Lane,11/1/1986,*** - **6820,NH
Sarah Harper,Sarah,Harper,07/7/1993,*** - **5891,AK
Jermaine Hill,Jermaine,Hill,09/1/1988,*** - **5479,NJ
Michael Marshall,Michael,Marshall,04/5/1990,*** - **5125,MI
Kirsten Mcbride,Kirsten,Mcbride,09/0/1973,*** - **2372,IA
Rachael Holmes,Rachael,Holmes,07/0/1973,*** - **2067,GA
Leon Foster,Leon,Foster,09/9/1975,*** - **3153,SC
David Mcclain,David,Mcclain,08/2/1976,*** - **5430,OH
Emily Lawrence,Emily,Lawrence,11/4/1991,*** - **1991,TN
Troy Booth,Troy,Booth,12/7/1990,*** - **5141,TN
Stephanie Ho,Stephanie,Ho,04/5/1983,*** - **3656,KS
Michele Hendricks,Michele,Hendricks,03/0/1990,*** - **7341,MS
Eric Harper,Eric,Harper,11/2/1986,*** - **2860,NV
Jonathan Gomez,Jonathan,Gomez,06/5/1993,*** - **4727,SD
Kevin Garcia,Kevin,Garcia,11/5/1977,*** - **4722,NV
Howard Lawson,Howard,Lawson,04/3/1984,*** - **7664,MI
Stacy Robertson,Stacy,Robertson,09/4/1974,*** - **0248,WY
John Beck,John,Beck,07/7/1985,*** - **3635,AR
Julia Morgan,Julia,Morgan,03/8/1976,*** - **1731,WI
Allen Leon,Allen,Leon,04/6/1975,*** - **9089,MI
James Rios,James,Rios,03/4/1978,*** - **3987,ID
Ralph Wells,Ralph,Wells,10/9/1988,*** - **4237,KS
Megan Chavez,Megan,Chavez,10/8/1991,*** - **7659,CT
Ashley Patrick,Ashley,Patrick,06/7/1974,*** - **0763,WY
Bonnie Bowen,Bonnie,Bowen,11/7/1993,*** - **5889,ID
Andrew Lawson,Andrew,Lawson,04/5/1982,*** - **7313,MT
Tonya Chavez,Tonya,Chavez,04/7/1984,*** - **5703,MT
Michelle Larson,Michelle,Larson,03/0/1980,*** - **3866,FL
Mark Garrett,Mark,Garrett,09/8/1985,*** - **4408,WY
Chelsea Rivera,Chelsea,Rivera,06/1/1987,*** - **0140,NH
Amanda Krause,Amanda,Krause,11/6/1977,*** - **4744,IL
Paige Spencer,Paige,Spencer,09/2/1991,*** - **8621,NY
Rhonda Gonzales,Rhonda,Gonzales,06/7/1976,*** - **4110,ID
Jasmine Kelly,Jasmine,Kelly,06/0/1979,*** - **3251,MN
Amy Sherman,Amy,Sherman,08/4/1973,*** - **6029,NJ
David Arroyo,David,Arroyo,04/6/1975,*** - **9403,FL
Robert Lin,Robert,Lin,11/2/1975,*** - **0121,AZ
Paul Wilson,Paul,Wilson,06/9/1993,*** - **9871,IA
Paul Meyers,Paul,Meyers,03/3/1989,*** - **1680,HI
Jessica Elliott,Jessica,Elliott,06/4/1978,*** - **1632,OH
Anthony Richmond,Anthony,Richmond,10/5/1989,*** - **8935,AR
William Rivera,William,Rivera,03/8/1975,*** - **7032,SD
Sheri Villegas,Sheri,Villegas,02/3/1985,*** - **8629,OR
Kelly Hopkins,Kelly,Hopkins,10/8/1984,*** - **6875,HI
Darren Farrell,Darren,Farrell,05/4/1991,*** - **5885,CA
Darlene Harmon,Darlene,Harmon,05/5/1980,*** - **3052,WV
Rachel Lyons,Rachel,Lyons,08/9/1972,*** - **0900,ME
David Jacobs,David,Jacobs,02/8/1982,*** - **3682,FL
Christina Weeks,Christina,Weeks,10/5/1972,*** - **2028,PA
Andrea Anderson,Andrea,Anderson,11/2/1984,*** - **5650,CT
Jennifer Smith,Jennifer,Smith,01/1/1989,*** - **1748,GA
Shirley Andrews,Shirley,Andrews,12/7/1981,*** - **5306,OH
Adrian Rivera,Adrian,Rivera,02/3/1973,*** - **5638,MA
George Mckinney,George,Mckinney,02/4/1984,*** - **7748,UT
Hailey Boyd,Hailey,Boyd,11/7/1980,*** - **0270,NY
Tiffany Harris,Tiffany,Harris,01/2/1983,*** - **9733,WV
Mary Hunter,Mary,Hunter,11/1/1977,*** - **6623,TX
Robert Edwards,Robert,Edwards,04/7/1980,*** - **5215,GA
Barbara Lambert,Barbara,Lambert,09/7/1979,*** - **5353,ID
Angela Armstrong,Angela,Armstrong,03/2/1990,*** - **2446,NY
Brett Ward,Brett,Ward,09/7/1979,*** - **0204,MN
Troy Sanchez,Troy,Sanchez,11/5/1990,*** - **2052,OK
Garrett Carter,Garrett,Carter,09/6/1988,*** - **7246,CA
James Reeves,James,Reeves,01/1/1988,*** - **1620,IN
Mary Baker,Mary,Baker,07/8/1979,*** - **0954,MI
Alexandra Bradley,Alexandra,Bradley,06/3/1980,*** - **9390,AL
Aaron James,Aaron,James,03/5/1974,*** - **4596,OR
Thomas Wood,Thomas,Wood,08/1/1979,*** - **8269,TN
Charlene Jackson,Charlene,Jackson,10/8/1989,*** - **8809,WY
Mary Robbins,Mary,Robbins,12/1/1975,*** - **9514,FL
Kayla Washington,Kayla,Washington,10/8/1985,*** - **6218,CT
Kimberly Knapp,Kimberly,Knapp,11/3/1992,*** - **1122,CO
Nicholas Brown,Nicholas,Brown,09/8/1988,*** - **2869,SC
Rebecca Marshall,Rebecca,Marshall,05/6/1974,*** - **1020,PA
Mark Smith,Mark,Smith,07/7/1979,*** - **5381,ND
Adam Harrell,Adam,Harrell,10/8/1981,*** - **0742,WV
Steve Daniels,Steve,Daniels,09/4/1980,*** - **3537,CO
Victoria Potter,Victoria,Potter,03/5/1988,*** - **4290,UT
Kathy Preston,Kathy,Preston,03/6/1990,*** - **9960,LA
Michael Donaldson,Michael,Donaldson,01/1/1995,*** - **7624,CA
Brian Bridges,Brian,Bridges,02/2/1976,*** - **4546,MN
Martha Gonzalez,Martha,Gonzalez,01/7/1981,*** - **8342,KS
Paul Rogers,Paul,Rogers,01/0/1992,*** - **6284,MT
Dawn Galvan,Dawn,Galvan,09/3/1989,*** - **8058,TN
Amber West,Amber,West,01/9/1978,*** - **7363,ND
Christopher Guerrero,Christopher,Guerrero,01/9/1983,*** - **4036,WY
Stacy Brooks,Stacy,Brooks,06/7/1991,*** - **4661,SC
Danielle Kaiser,Danielle,Kaiser,08/1/1975,*** - **9764,AL
Taylor Boyle,Taylor,Boyle,09/6/1979,*** - **9756,MD
Donna Howard,Donna,Howard,12/6/1978,*** - **3416,CA
Anne Rios,Anne,Rios,11/6/1974,*** - **6513,HI
Theresa Barnes,Theresa,Barnes,09/8/1976,*** - **2054,CT
Lori Tate,Lori,Tate,03/8/1977,*** - **9123,NM
Alexandria Baker,Alexandria,Baker,11/2/1974,*** - **3200,NV
Stephen Hensley,Stephen,Hensley,09/0/1978,*** - **5372,GA
Jennifer Fischer,Jennifer,Fischer,11/9/1983,*** - **5609,UT
Pamela Robinson,Pamela,Robinson,02/1/1981,*** - **4275,NM
Brendan Gonzalez,Brendan,Gonzalez,08/2/1991,*** - **9993,SC
Richard Turner,Richard,Turner,12/4/1982,*** - **9924,TN
Michael Robinson,Michael,Robinson,10/2/1973,*** - **2355,IL
Patricia Sharp,Patricia,Sharp,07/3/1987,*** - **0306,MD
Elizabeth Avila,Elizabeth,Avila,03/5/1977,*** - **8453,NH
Christopher Martinez,Christopher,Martinez,12/8/1978,*** - **8774,CT
Isaac Woods,Isaac,Woods,03/0/1984,*** - **6227,AK
Adriana Wolf,Adriana,Wolf,10/7/1994,*** - **1702,OR
David Pearson,David,Pearson,06/4/1982,*** - **1781,AL
Matthew Kramer,Matthew,Kramer,05/4/1988,*** - **4860,RI
Pamela Archer,Pamela,Archer,10/5/1987,*** - **2625,WV
Charles Stout,Charles,Stout,12/5/1976,*** - **1997,KS
Daniel Boyd,Daniel,Boyd,07/8/1978,*** - **1220,NY
Jimmy Jones,Jimmy,Jones,02/9/1973,*** - **2030,MA
Rebecca Hammond,Rebecca,Hammond,02/1/1972,*** - **2706,LA
Emily Diaz,Emily,Diaz,12/4/1986,*** - **9174,AK
Chad Wise,Chad,Wise,11/0/1988,*** - **1355,CO
Todd Duran,Todd,Duran,01/4/1976,*** - **1832,KY
Brian Mclaughlin,Brian,Mclaughlin,09/1/1987,*** - **2876,PA
Katherine Rogers,Katherine,Rogers,05/3/1988,*** - **9500,ME
Joseph Adams,Joseph,Adams,01/8/1979,*** - **7778,WI
David Lowery,David,Lowery,10/1/1987,*** - **7963,UT
Janice Young,Janice,Young,07/7/1988,*** - **4863,WA
Anna Matthews,Anna,Matthews,02/9/1991,*** - **4474,TN
Katie Garcia,Katie,Garcia,03/2/1983,*** - **8462,AK
Maria Estrada,Maria,Estrada,04/0/1990,*** - **8108,LA
Ashley Smith,Ashley,Smith,07/6/1983,*** - **8720,TX
Amy Wright,Amy,Wright,10/5/1991,*** - **8641,CA
Heather Scott,Heather,Scott,08/0/1982,*** - **0361,NH
John Anderson,John,Anderson,05/0/1973,*** - **6681,NY
John Anderson,John,Anderson,01/7/1983,*** - **7935,UT
Kimberly Harris,Kimberly,Harris,10/1/1988,*** - **5459,IA
Christopher Smith,Christopher,Smith,11/3/1976,*** - **2521,WI
Daniel Singh,Daniel,Singh,12/5/1980,*** - **7521,VA
Miranda Nguyen,Miranda,Nguyen,08/2/1981,*** - **2585,ME
Gregory Simpson,Gregory,Simpson,07/9/1990,*** - **9365,CO
Daniel Brown,Daniel,Brown,04/9/1984,*** - **6526,NM
Susan Thompson,Susan,Thompson,05/7/1985,*** - **6074,TN
Rick Johns,Rick,Johns,07/0/1984,*** - **7121,NV
Sean Calhoun,Sean,Calhoun,07/1/1978,*** - **2261,SD
Alan Holden,Alan,Holden,11/6/1994,*** - **6916,PA
Robin Silva,Robin,Silva,07/4/1987,*** - **0453,AK
Nicole Conrad,Nicole,Conrad,06/2/1985,*** - **6985,SD
Deanna Russell,Deanna,Russell,07/9/1972,*** - **9236,MD
Joshua Bailey,Joshua,Bailey,07/0/1986,*** - **4031,WV
Daniel Patrick,Daniel,Patrick,10/5/1972,*** - **8777,GA
William Smith,William,Smith,06/4/1990,*** - **0654,AR
Kristin Grant,Kristin,Grant,08/3/1980,*** - **9693,WV
Kimberly Velasquez,Kimberly,Velasquez,01/0/1989,*** - **4229,GA
Michael Dalton,Michael,Dalton,03/8/1994,*** - **2101,WI
Jason Shaw,Jason,Shaw,11/1/1985,*** - **4765,KY
Jonathon Olson,Jonathon,Olson,07/8/1985,*** - **7767,SC
Andrea Perry,Andrea,Perry,02/1/1986,*** - **8897,CO
Anthony Nguyen,Anthony,Nguyen,10/9/1986,*** - **8472,WI
Anthony Christensen,Anthony,Christensen,05/3/1983,*** - **8703,OH
Paul Murphy,Paul,Murphy,07/8/1975,*** - **9454,NJ
Susan Stewart,Susan,Stewart,04/3/1989,*** - **2712,GA
Scott Warren,Scott,Warren,06/4/1985,*** - **3723,OH
Jennifer Avery,Jennifer,Avery,08/8/1987,*** - **5062,LA
Alexander Vaughan,Alexander,Vaughan,08/2/1988,*** - **8562,MI
Laura Parker,Laura,Parker,12/5/1973,*** - **6879,CO
Derek Harrington,Derek,Harrington,09/5/1990,*** - **2836,AR
Daniel Wells,Daniel,Wells,08/7/1994,*** - **7268,CA
Kelly Phillips,Kelly,Phillips,11/5/1987,*** - **1324,MI
Lauren Bennett,Lauren,Bennett,06/5/1985,*** - **4874,IA
Aaron Wolf,Aaron,Wolf,04/9/1978,*** - **1149,WY
Julia Wright,Julia,Wright,09/4/1980,*** - **6702,CO
Cheryl Dennis,Cheryl,Dennis,06/6/1986,*** - **0712,TX
Donna Lopez,Donna,Lopez,02/2/1985,*** - **5711,DE
Matthew Gibbs,Matthew,Gibbs,06/2/1984,*** - **9698,ID
Nancy Mitchell,Nancy,Mitchell,02/2/1988,*** - **9365,GA
Ashley Bullock,Ashley,Bullock,07/3/1983,*** - **5394,MS
Andrew Moore,Andrew,Moore,01/3/1982,*** - **5178,ID
Joseph Martinez,Joseph,Martinez,10/5/1973,*** - **9409,NH
Yvette Rodriguez,Yvette,Rodriguez,09/1/1985,*** - **8123,OR
Carrie Barber,Carrie,Barber,11/9/1977,*** - **3083,LA
Ashley Sherman,Ashley,Sherman,10/1/1984,*** - **1501,NE
Craig Garcia,Craig,Garcia,08/8/1994,*** - **3695,PA
Jerome Brown,Jerome,Brown,07/0/1992,*** - **9456,MD
Kevin Beck,Kevin,Beck,03/9/1981,*** - **7304,TN
Travis Hansen,Travis,Hansen,07/8/1981,*** - **6746,DE
Rodney Cook,Rodney,Cook,12/5/1994,*** - **6232,RI
Theresa Brown,Theresa,Brown,02/0/1993,*** - **3478,MN
Wayne Mercer,Wayne,Mercer,09/1/1989,*** - **7254,MA
Mary Lee,Mary,Lee,04/2/1982,*** - **7361,OH
Matthew Martin,Matthew,Martin,07/2/1993,*** - **7803,ID
Lee Weber,Lee,Weber,12/3/1988,*** - **9830,CA
James Wilson,James,Wilson,07/3/1977,*** - **7343,OR
Angela Clark,Angela,Clark,04/0/1988,*** - **3392,MN
Allen Flynn,Allen,Flynn,07/5/1994,*** - **7573,NH
Darrell Coleman,Darrell,Coleman,08/4/1992,*** - **4198,WI
Patrick Wells,Patrick,Wells,08/3/1979,*** - **3209,MS
Tyler Beck,Tyler,Beck,10/0/1986,*** - **1385,HI
Michelle Jenkins,Michelle,Jenkins,11/9/1977,*** - **8254,NE
Scott Miller,Scott,Miller,09/7/1991,*** - **3580,WY
Maria Mcmillan,Maria,Mcmillan,09/7/1973,*** - **3730,TX
Amy Waller,Amy,Waller,10/1/1980,*** - **8763,MA
Jacob Thomas,Jacob,Thomas,03/1/1976,*** - **8896,MS
Amanda Jones,Amanda,Jones,07/1/1993,*** - **0691,MN
Edward Padilla,Edward,Padilla,10/9/1993,*** - **5222,PA
Debra Best,Debra,Best,02/0/1973,*** - **3320,ND
Gregory Roberts,Gregory,Roberts,01/7/1986,*** - **4496,IN
Suzanne Wheeler,Suzanne,Wheeler,05/9/1985,*** - **2982,WI
Ann Lewis,Ann,Lewis,01/4/1976,*** - **0619,MT
Michelle Peterson,Michelle,Peterson,06/5/1984,*** - **2154,MA
Adam Thomas,Adam,Thomas,12/0/1982,*** - **1297,VA
Donna Owens,Donna,Owens,09/6/1987,*** - **6696,AL
Pamela Lyons,Pamela,Lyons,09/7/1972,*** - **3318,AR
Victor Lopez,Victor,Lopez,10/6/1987,*** - **3964,NV
Matthew Miller,Matthew,Miller,04/7/1979,*** - **3517,CO
Kevin Foster,Kevin,Foster,10/8/1985,*** - **5090,WI
Alyssa Stokes,Alyssa,Stokes,04/1/1973,*** - **2432,OH
Mark Saunders,Mark,Saunders,08/3/1973,*** - **2640,VT
Michael Chapman,Michael,Chapman,03/3/1977,*** - **6874,OR
Cole Farrell,Cole,Farrell,01/9/1993,*** - **7973,IN
Michael Estrada,Michael,Estrada,10/2/1994,*** - **2448,OH
Shaun Martinez,Shaun,Martinez,12/1/1982,*** - **5793,NC
Victoria Moon,Victoria,Moon,01/6/1976,*** - **8604,AZ
Brian Peters,Brian,Peters,05/7/1982,*** - **3701,HI
Jose Gonzalez,Jose,Gonzalez,06/1/1992,*** - **9797,MD
John Paul,John,Paul,11/0/1973,*** - **7180,KY
Stephanie Smith,Stephanie,Smith,04/6/1978,*** - **1286,NH
Lisa Wilson,Lisa,Wilson,11/9/1993,*** - **6950,AZ
Cody Duran,Cody,Duran,01/5/1973,*** - **6706,NM
Ann Johnson,Ann,Johnson,06/1/1981,*** - **9046,NE
Paula Hernandez,Paula,Hernandez,10/2/1975,*** - **2951,CA
Patrick Barber,Patrick,Barber,07/1/1991,*** - **9891,NY
Dennis Alvarado,Dennis,Alvarado,11/7/1973,*** - **4378,MT
David Peterson,David,Peterson,06/7/1973,*** - **7312,LA
Tina Williams,Tina,Williams,11/4/1987,*** - **7775,OR
Bridget Koch,Bridget,Koch,02/3/1973,*** - **9714,WY
Adrian Hernandez,Adrian,Hernandez,09/8/1993,*** - **5101,NE
Andrea Potter,Andrea,Potter,12/6/1983,*** - **6384,NH
David Williams,David,Williams,07/7/1990,*** - **6350,MA
Katherine Wright,Katherine,Wright,05/0/1987,*** - **3109,AR
Kevin Taylor,Kevin,Taylor,04/9/1979,*** - **2293,NH
Latoya Mitchell,Latoya,Mitchell,03/5/1991,*** - **3607,ME
Tricia Smith,Tricia,Smith,01/4/1992,*** - **7866,CA
David Miles,David,Miles,11/6/1993,*** - **2657,MI
Gina Hoffman,Gina,Hoffman,03/0/1990,*** - **4213,UT
Tamara Whitney,Tamara,Whitney,09/1/1975,*** - **9208,MO
John Garcia,John,Garcia,04/4/1987,*** - **3993,TX
Craig Nunez,Craig,Nunez,06/3/1972,*** - **6566,DE
Desiree Ross,Desiree,Ross,07/7/1981,*** - **2608,MS
Samantha Ramirez,Samantha,Ramirez,08/1/1981,*** - **7086,MD
David Patton,David,Patton,11/9/1978,*** - **9705,PA
Caroline Lopez,Caroline,Lopez,08/9/1981,*** - **1325,OK
Karen Malone,Karen,Malone,09/3/1985,*** - **5442,CO
Daniel Wright,Daniel,Wright,12/1/1989,*** - **3803,FL
Brent Miller,Brent,Miller,01/4/1978,*** - **9692,HI
Mitchell Meyer,Mitchell,Meyer,08/1/1991,*** - **7666,RI
Annette Flores,Annette,Flores,04/9/1977,*** - **3196,NE
Wendy Hendrix,Wendy,Hendrix,08/9/1983,*** - **6634,WY
Alexis Cross,Alexis,Cross,08/1/1983,*** - **3694,MN
Jeffrey Jones,Jeffrey,Jones,06/7/1981,*** - **1822,SD
Jessica Walsh,Jessica,Walsh,06/1/1976,*** - **2907,RI
Sherry Henderson,Sherry,Henderson,02/5/1991,*** - **3768,FL
Jennifer Johnson,Jennifer,Johnson,02/7/1978,*** - **3102,OK
Scott Ellison,Scott,Ellison,03/1/1977,*** - **8653,NH
Denise Baldwin,Denise,Baldwin,04/6/1992,*** - **7350,AL
Rebecca James,Rebecca,James,12/4/1980,*** - **1514,MA
Sean Gonzales,Sean,Gonzales,08/1/1981,*** - **8838,MO
Mary Chavez,Mary,Chavez,04/7/1990,*** - **2834,PA
Ralph Martinez,Ralph,Martinez,02/6/1980,*** - **4024,WA
Thomas Stone,Thomas,Stone,03/9/1973,*** - **8227,DE
Christopher Anderson,Christopher,Anderson,07/1/1974,*** - **1835,NC
Allison Garcia,Allison,Garcia,02/8/1983,*** - **0105,LA
Charles Hall,Charles,Hall,09/5/1982,*** - **7617,PA
Lawrence Roach,Lawrence,Roach,04/3/1991,*** - **2080,KY
Christopher Dougherty,Christopher,Dougherty,03/9/1978,*** - **0986,AL
William Small,William,Small,08/5/1990,*** - **0642,CO
Samuel May,Samuel,May,03/0/1988,*** - **0970,NJ
Brian Lopez,Brian,Lopez,02/3/1990,*** - **7558,DE
Amanda Clark,Amanda,Clark,07/3/1991,*** - **5043,MN
Cody Taylor,Cody,Taylor,11/3/1978,*** - **3700,SD
Sherry Love,Sherry,Love,03/4/1975,*** - **8685,OR
Christine Stone,Christine,Stone,11/7/1978,*** - **6503,KS
Kristy Diaz,Kristy,Diaz,03/6/1988,*** - **1032,IA
Amy Long,Amy,Long,07/9/1982,*** - **7292,FL
Haley Myers,Haley,Myers,03/0/1985,*** - **0757,MD
Michael Holden,Michael,Holden,07/3/1975,*** - **7951,IN
Kelly Ferrell,Kelly,Ferrell,01/1/1982,*** - **2299,NH
Rachel Valdez,Rachel,Valdez,05/1/1985,*** - **0852,UT
Kristine Roberson,Kristine,Roberson,03/8/1981,*** - **0956,MN
Vincent Watson,Vincent,Watson,12/5/1974,*** - **8997,RI
Elizabeth Bailey,Elizabeth,Bailey,07/5/1979,*** - **7230,MI
Mark Mcmillan,Mark,Mcmillan,07/8/1976,*** - **2503,MI
Sheri Long,Sheri,Long,06/6/1978,*** - **5166,OH
Daniel Mccall,Daniel,Mccall,07/2/1987,*** - **5314,NE
Dawn Malone,Dawn,Malone,04/9/1979,*** - **2070,TN
Evan Romero,Evan,Romero,08/5/1994,*** - **3334,NM
Paul Adams,Paul,Adams,04/9/1992,*** - **5765,WV
Tracy Holt,Tracy,Holt,10/0/1988,*** - **1413,AK
Charles Wheeler,Charles,Wheeler,02/1/1972,*** - **5781,CA
Ashley Harris,Ashley,Harris,08/9/1993,*** - **7070,IL
Roberto Schmidt,Roberto,Schmidt,02/7/1994,*** - **1763,AL
Margaret Barton,Margaret,Barton,10/0/1975,*** - **0973,ID
Michelle Diaz,Michelle,Diaz,09/5/1993,*** - **4889,ID
Mike Duncan,Mike,Duncan,12/5/1988,*** - **8115,MD
Alexandra Thomas,Alexandra,Thomas,01/2/1994,*** - **6760,SD
Mark Murillo,Mark,Murillo,09/2/1976,*** - **9915,MI
Carol Dyer,Carol,Dyer,03/2/1989,*** - **5545,HI
Daniel Williams,Daniel,Williams,11/7/1989,*** - **9146,NH
Sandra Suarez,Sandra,Suarez,09/0/1980,*** - **9548,GA
Sarah Hamilton,Sarah,Hamilton,07/0/1976,*** - **3104,ND
Sydney Floyd,Sydney,Floyd,03/1/1981,*** - **0722,CT
Jonathan Hall,Jonathan,Hall,07/1/1978,*** - **6672,NE
Jennifer Kim,Jennifer,Kim,10/3/1976,*** - **9504,MN
Kenneth Sanchez,Kenneth,Sanchez,10/0/1980,*** - **8921,CA
Joseph Carroll,Joseph,Carroll,05/9/1975,*** - **5984,ND
Jennifer Arnold,Jennifer,Arnold,10/8/1976,*** - **4368,AL
David Le,David,Le,08/1/1976,*** - **5444,MI
Jeffrey Clark,Jeffrey,Clark,06/8/1978,*** - **0316,MO
Jeffery Reed,Jeffery,Reed,07/9/1985,*** - **6338,NJ
Laura Kim,Laura,Kim,07/6/1974,*** - **3606,PA
Derek Obrien,Derek,Obrien,06/9/1990,*** - **6123,NH
Brooke Bishop,Brooke,Bishop,12/8/1980,*** - **4107,CA
Peter Miles,Peter,Miles,10/6/1976,*** - **3367,WA
Alex Owen,Alex,Owen,10/7/1987,*** - **9252,AL
Michael Fowler,Michael,Fowler,08/8/1990,*** - **3995,TN
Katherine Rose,Katherine,Rose,01/9/1976,*** - **0446,MN
Daniel Waller,Daniel,Waller,04/3/1974,*** - **0011,KY
Ronald Johnson,Ronald,Johnson,09/9/1973,*** - **8871,DE
Austin Gutierrez,Austin,Gutierrez,06/5/1979,*** - **0203,VT
Brandon Chang,Brandon,Chang,05/4/1984,*** - **6687,AL
Alexander Murphy,Alexander,Murphy,05/5/1984,*** - **0664,UT
Stephanie Mendoza,Stephanie,Mendoza,03/2/1977,*** - **8308,VT
Gregory Moore,Gregory,Moore,02/0/1982,*** - **6226,MA
Jonathan Mendoza,Jonathan,Mendoza,12/0/1989,*** - **0262,MD
Michelle Phillips,Michelle,Phillips,09/7/1988,*** - **2345,OK
Justin Morgan,Justin,Morgan,03/7/1976,*** - **5133,MI
Michael Hubbard,Michael,Hubbard,09/9/1978,*** - **8972,CT
Travis Little,Travis,Little,05/4/1992,*** - **6995,WY
Susan Kennedy,Susan,Kennedy,12/9/1988,*** - **4558,ME
Emily Mcgrath,Emily,Mcgrath,11/0/1973,*** - **7640,CO
Sandra Griffin,Sandra,Griffin,11/3/1988,*** - **6533,NV
Jessica Sullivan,Jessica,Sullivan,01/7/1990,*** - **2665,WY
Timothy Mendoza,Timothy,Mendoza,06/9/1980,*** - **2367,NM
Amanda Pearson,Amanda,Pearson,08/5/1979,*** - **9832,TN
Jeffery Burnett,Jeffery,Burnett,07/8/1984,*** - **4493,KS
Brian Williams,Brian,Williams,01/2/1986,*** - **5701,MT
Randy Dorsey,Randy,Dorsey,05/9/1974,*** - **0360,MO
Duane Williams,Duane,Williams,10/4/1973,*** - **8818,NV
Colleen Beasley,Colleen,Beasley,08/2/1977,*** - **3286,MA
Brian Jackson,Brian,Jackson,12/1/1985,*** - **9597,PA
Cynthia Price,Cynthia,Price,10/5/1991,*** - **6184,SD
Donald Carter,Donald,Carter,07/6/1983,*** - **5922,HI
Lisa Schmitt,Lisa,Schmitt,04/3/1976,*** - **5980,TN
Dustin Nichols,Dustin,Nichols,06/7/1977,*** - **9015,NE
Jay Brown,Jay,Brown,04/4/1980,*** - **8736,TX
Beth Lynch,Beth,Lynch,02/3/1984,*** - **0814,AK
Mary Mitchell,Mary,Mitchell,01/0/1982,*** - **3602,TX
Joshua Rush,Joshua,Rush,08/5/1986,*** - **2710,GA
Jillian David,Jillian,David,04/1/1973,*** - **4462,HI
Anthony Delgado,Anthony,Delgado,09/9/1994,*** - **7837,FL
Meghan Wilson,Meghan,Wilson,05/8/1988,*** - **4722,HI
Andrea Montgomery,Andrea,Montgomery,12/3/1991,*** - **6315,OH
Megan Gray,Megan,Gray,10/2/1972,*** - **4006,NY
Sarah Brooks,Sarah,Brooks,06/7/1991,*** - **6948,AR
Kaylee Clark,Kaylee,Clark,05/9/1992,*** - **0753,WI
Joseph Martin,Joseph,Martin,04/3/1992,*** - **5396,AR
Donna Rose,Donna,Rose,04/0/1989,*** - **1960,TN
Brandi Sawyer,Brandi,Sawyer,07/3/1979,*** - **9334,RI
James Torres,James,Torres,01/9/1986,*** - **5026,DE
Jonathan Malone,Jonathan,Malone,04/4/1984,*** - **9942,MN
Christine Williams,Christine,Williams,08/5/1974,*** - **1974,MN
Christopher Young,Christopher,Young,12/2/1988,*** - **1343,NE
David Turner,David,Turner,02/3/1973,*** - **7108,IL
Gregory Estes,Gregory,Estes,10/4/1989,*** - **9235,KS
Shannon Vaughn,Shannon,Vaughn,12/7/1992,*** - **2444,AR
James Mclaughlin,James,Mclaughlin,01/1/1981,*** - **1088,NC
Michael Brown,Michael,Brown,01/3/1986,*** - **9682,OH
Jennifer Crawford,Jennifer,Crawford,07/1/1986,*** - **5861,FL
Michelle Carr,Michelle,Carr,06/2/1978,*** - **2759,CT
Andrew Love,Andrew,Love,05/7/1991,*** - **9696,OH
Anna Bennett,Anna,Bennett,06/0/1977,*** - **6909,TN
William Watts,William,Watts,10/2/1989,*** - **6883,MN
Cynthia Williams,Cynthia,Williams,12/3/1978,*** - **5994,NY
Bruce Miles,Bruce,Miles,01/1/1982,*** - **0969,IA
Amanda Wilson,Amanda,Wilson,05/3/1972,*** - **0767,NE
Joshua Riley,Joshua,Riley,11/8/1983,*** - **4874,IN
Carla Torres,Carla,Torres,02/3/1987,*** - **7599,CT
Mark Green,Mark,Green,06/4/1977,*** - **6893,AZ
Stephanie Goodwin,Stephanie,Goodwin,02/5/1986,*** - **5702,NC
Cameron Allen,Cameron,Allen,01/2/1986,*** - **8341,ID
Harold Li,Harold,Li,05/1/1983,*** - **2966,GA
Sara Curry,Sara,Curry,06/5/1984,*** - **1678,ID
Caroline Wyatt,Caroline,Wyatt,11/2/1979,*** - **7063,NY
Nicole Perez,Nicole,Perez,09/8/1982,*** - **1455,MT
Jacqueline Garcia,Jacqueline,Garcia,01/1/1991,*** - **8953,NC
Alexander Wright,Alexander,Wright,04/8/1979,*** - **7263,MN
Heather Farrell,Heather,Farrell,01/1/1978,*** - **0338,MA
Joseph Fernandez,Joseph,Fernandez,06/1/1978,*** - **4971,IL
Timothy Chandler,Timothy,Chandler,03/6/1978,*** - **3897,NM
Gregory Jackson,Gregory,Jackson,06/6/1973,*** - **0058,WY
Thomas Patterson,Thomas,Patterson,05/6/1977,*** - **4561,VA
Timothy Suarez,Timothy,Suarez,01/2/1977,*** - **3073,WI
Jennifer Jensen,Jennifer,Jensen,03/9/1991,*** - **4293,GA
Andrew Hogan,Andrew,Hogan,06/8/1990,*** - **5943,ND
Dale Hartman,Dale,Hartman,10/1/1993,*** - **9502,ME
Jennifer Williams,Jennifer,Williams,02/7/1977,*** - **9054,OK
Antonio Perez,Antonio,Perez,02/9/1980,*** - **4115,NC
Joshua Hicks,Joshua,Hicks,01/7/1985,*** - **4786,KS
Edward Thompson,Edward,Thompson,08/1/1994,*** - **8605,OH
Lee Zamora,Lee,Zamora,03/7/1979,*** - **3321,UT
Wyatt Rivers,Wyatt,Rivers,02/7/1984,*** - **5135,KY
Michelle Reeves,Michelle,Reeves,11/3/1972,*** - **1066,PA
Joanna Hopkins,Joanna,Hopkins,04/7/1973,*** - **2714,MA
Joseph Mitchell,Joseph,Mitchell,05/8/1980,*** - **7441,VA
Ariel Ray,Ariel,Ray,09/1/1972,*** - **2732,OR
Shawn Murray,Shawn,Murray,10/0/1990,*** - **5217,MS
Jose Spears,Jose,Spears,03/1/1976,*** - **2675,NH
Caroline Mayer,Caroline,Mayer,05/3/1973,*** - **2487,WY
David Weaver,David,Weaver,08/1/1976,*** - **2750,ME
Kelly Sullivan,Kelly,Sullivan,04/2/1988,*** - **7284,NV
Kyle Ramirez,Kyle,Ramirez,05/0/1984,*** - **2839,WA
Carrie Davis,Carrie,Davis,06/0/1984,*** - **6558,WA
Catherine Martinez,Catherine,Martinez,04/8/1990,*** - **6917,NM
Amanda Lewis,Amanda,Lewis,12/5/1988,*** - **0504,MT
Katherine Bailey,Katherine,Bailey,03/4/1994,*** - **3545,WV
Rodney Smith,Rodney,Smith,05/8/1975,*** - **3105,NH
Savannah Saunders,Savannah,Saunders,05/2/1984,*** - **2473,IA
Claudia Oneal,Claudia,Oneal,04/1/1987,*** - **9008,TX
Roy Johnson,Roy,Johnson,03/0/1984,*** - **6344,AK
Michelle Smith,Michelle,Smith,07/8/1982,*** - **6834,NV
Amanda Haney,Amanda,Haney,04/1/1983,*** - **9019,IA
Theresa Fletcher,Theresa,Fletcher,10/2/1992,*** - **0535,VA
Debra Green,Debra,Green,07/0/1988,*** - **5376,SC
John Cox,John,Cox,12/1/1985,*** - **7739,OH
Beth Harris,Beth,Harris,12/2/1982,*** - **5871,RI
Erica Mcconnell,Erica,Mcconnell,07/1/1981,*** - **0878,MA
Kimberly Johnson,Kimberly,Johnson,01/2/1992,*** - **4304,PA
Kyle Aguirre,Kyle,Aguirre,10/4/1973,*** - **4469,NE
Nicole English,Nicole,English,04/0/1977,*** - **9164,HI
Bonnie Turner,Bonnie,Turner,04/1/1973,*** - **0208,MD
Maurice Gillespie,Maurice,Gillespie,09/7/1984,*** - **8509,GA
Corey Adams,Corey,Adams,10/8/1988,*** - **2578,OR
Brett Nelson,Brett,Nelson,06/0/1986,*** - **3049,MD
Melody Nelson,Melody,Nelson,01/3/1979,*** - **1931,VA
James Young,James,Young,04/2/1980,*** - **8557,ME
Robert Smith,Robert,Smith,04/4/1994,*** - **0748,MS
Caroline Larson,Caroline,Larson,05/5/1990,*** - **7178,LA
Megan Robinson,Megan,Robinson,03/4/1973,*** - **1601,WV
Shawn Edwards,Shawn,Edwards,01/9/1978,*** - **4865,LA
David Evans,David,Evans,09/5/1977,*** - **6773,WA
Julie Price,Julie,Price,01/0/1993,*** - **3599,PA
Briana Webster,Briana,Webster,02/8/1978,*** - **3704,PA
Robin Oconnor,Robin,Oconnor,02/7/1978,*** - **0782,NH
Albert Davidson,Albert,Davidson,01/0/1975,*** - **9182,CA
Mark Chen,Mark,Chen,04/2/1989,*** - **3553,WY
Elizabeth Lynn,Elizabeth,Lynn,02/5/1992,*** - **8647,MA
Tracy Gonzalez,Tracy,Gonzalez,11/1/1983,*** - **4059,WY
Patricia Fletcher,Patricia,Fletcher,06/0/1979,*** - **2311,RI
Tammy Salinas,Tammy,Salinas,12/9/1980,*** - **3850,NC
Roger Wright,Roger,Wright,03/4/1974,*** - **3080,MO
Kelly Castillo,Kelly,Castillo,04/3/1992,*** - **7622,WA
Charles Kelley,Charles,Kelley,04/4/1993,*** - **1133,OK
David Johnson,David,Johnson,06/3/1985,*** - **9729,DE
David Cervantes,David,Cervantes,01/8/1983,*** - **0082,WA
Valerie Lopez,Valerie,Lopez,04/0/1983,*** - **0441,AL
Sarah Hayes,Sarah,Hayes,11/0/1984,*** - **8195,CT
Christina Arnold,Christina,Arnold,10/0/1979,*** - **2313,NY
Cynthia Bennett,Cynthia,Bennett,11/6/1973,*** - **7899,MD
Michelle Huang,Michelle,Huang,04/9/1983,*** - **8363,UT
Amanda Dodson,Amanda,Dodson,03/4/1973,*** - **6056,KS
Jeff Hawkins,Jeff,Hawkins,08/0/1992,*** - **5606,IL
Patrick Taylor,Patrick,Taylor,07/9/1991,*** - **5595,MO
Elizabeth Howard,Elizabeth,Howard,11/5/1984,*** - **2641,AZ
Noah White,Noah,White,04/0/1977,*** - **0897,SC
Caroline Jackson,Caroline,Jackson,12/9/1983,*** - **4102,DE
Andrea Wright,Andrea,Wright,06/5/1978,*** - **8386,OH
Sara Smith,Sara,Smith,01/2/1983,*** - **9188,TN
Jennifer Rodriguez,Jennifer,Rodriguez,04/3/1974,*** - **2538,NM
Deanna Terrell,Deanna,Terrell,02/5/1990,*** - **5743,OK
Kristina Summers,Kristina,Summers,02/7/1989,*** - **3058,OR
Laura Mercado,Laura,Mercado,04/5/1974,*** - **9514,MI
Matthew Kane,Matthew,Kane,11/7/1990,*** - **9385,PA
Tamara White,Tamara,White,05/0/1980,*** - **6614,FL
Samantha Thompson,Samantha,Thompson,06/4/1976,*** - **9230,NY
John Mcmillan,John,Mcmillan,03/2/1983,*** - **7301,NV
Andrea Webb,Andrea,Webb,12/1/1985,*** - **7815,VA
Lori Odonnell,Lori,Odonnell,10/2/1989,*** - **2415,KS
Ronald Huerta,Ronald,Huerta,12/3/1973,*** - **6058,OK
Chelsea Foster,Chelsea,Foster,03/6/1974,*** - **4094,AK
Daniel Lopez,Daniel,Lopez,09/7/1989,*** - **2639,AR
Jonathan Jones,Jonathan,Jones,01/3/1977,*** - **7798,MN
Jessica Gaines,Jessica,Gaines,04/3/1981,*** - **9332,CO
Timothy Morris,Timothy,Morris,06/6/1981,*** - **2962,WY
Donna Campbell,Donna,Campbell,07/4/1993,*** - **2369,NV
Tonya Martinez,Tonya,Martinez,09/4/1972,*** - **7702,IA
Pamela Moore,Pamela,Moore,02/0/1980,*** - **9532,NJ
Michelle Ali,Michelle,Ali,05/5/1993,*** - **3823,KS
Alexander Gibson,Alexander,Gibson,10/7/1983,*** - **1036,CO
Jay Smith,Jay,Smith,03/6/1985,*** - **6315,CT
Teresa Watkins,Teresa,Watkins,07/7/1972,*** - **5707,NY
Bradley Guzman,Bradley,Guzman,05/8/1980,*** - **2817,WY
Rhonda Young,Rhonda,Young,06/3/1979,*** - **2336,NE
Brandon Davis,Brandon,Davis,07/2/1977,*** - **1621,AZ
Brandon Farmer,Brandon,Farmer,08/0/1980,*** - **2601,TX
Barbara Murphy,Barbara,Murphy,10/0/1989,*** - **9225,AR
James King,James,King,04/1/1978,*** - **1432,AK
Drew Kelly,Drew,Kelly,03/5/1993,*** - **3264,WA
Virginia Wise,Virginia,Wise,02/8/1982,*** - **8887,OR
Mary Hernandez,Mary,Hernandez,01/9/1990,*** - **5268,NY
Ryan Russell,Ryan,Russell,01/6/1975,*** - **3828,HI
Amanda Smith,Amanda,Smith,08/5/1989,*** - **3579,DE
Morgan Dunn,Morgan,Dunn,07/3/1980,*** - **1601,AZ
Kimberly Shaw,Kimberly,Shaw,06/1/1973,*** - **7577,MA
Kathleen Klein,Kathleen,Klein,01/5/1990,*** - **3388,NM
Diana Meyers,Diana,Meyers,09/3/1972,*** - **4296,TN
Logan Smith,Logan,Smith,03/6/1990,*** - **0194,MN
Tracy Martin,Tracy,Martin,05/3/1975,*** - **0726,AK
Edwin Martin,Edwin,Martin,02/3/1988,*** - **9168,MO
Kelly Moran,Kelly,Moran,07/4/1976,*** - **0670,NV
Robert Smith,Robert,Smith,01/2/1987,*** - **2300,ID
Jane Martinez,Jane,Martinez,01/0/1991,*** - **3977,AZ
Denise Castillo,Denise,Castillo,10/0/1983,*** - **0042,LA
Jonathon Brock,Jonathon,Brock,04/0/1980,*** - **9917,CO
Amanda Franco,Amanda,Franco,09/4/1994,*** - **5413,AK
Heather Robinson,Heather,Robinson,11/0/1985,*** - **1929,MN
Kathryn Stout,Kathryn,Stout,08/4/1987,*** - **9637,IA
Cory Hopkins,Cory,Hopkins,03/3/1977,*** - **9491,AK
Ryan Snyder,Ryan,Snyder,07/4/1982,*** - **9330,MA
Sara Walker,Sara,Walker,08/6/1985,*** - **5423,NE
Daniel Garcia,Daniel,Garcia,04/1/1979,*** - **3001,WI
Paul Evans,Paul,Evans,06/5/1977,*** - **4302,MN
Elizabeth Olson,Elizabeth,Olson,01/2/1976,*** - **7163,MA
Ann Romero,Ann,Romero,10/7/1989,*** - **4046,DE
Thomas Jensen,Thomas,Jensen,02/3/1991,*** - **3430,OH
Brian Davila,Brian,Davila,07/5/1982,*** - **3711,DE
Donna Howard,Donna,Howard,03/1/1990,*** - **7432,MS
Kimberly Massey,Kimberly,Massey,01/1/1981,*** - **4649,MO
Jeremy Cross,Jeremy,Cross,11/2/1987,*** - **4632,HI
Dennis Thomas,Dennis,Thomas,06/1/1989,*** - **5032,IN
Kenneth Martin,Kenneth,Martin,08/4/1989,*** - **4681,MI
Tyler Brewer,Tyler,Brewer,06/8/1972,*** - **9006,HI
Scott Brooks,Scott,Brooks,02/4/1972,*** - **4958,NY
Derrick Fritz,Derrick,Fritz,12/5/1982,*** - **0071,IA
Christine Munoz,Christine,Munoz,11/7/1974,*** - **0149,MO
Julie Robbins,Julie,Robbins,11/3/1976,*** - **4571,IN
Rachel Cook,Rachel,Cook,03/3/1982,*** - **9042,NM
Kyle Hoffman,Kyle,Hoffman,12/5/1984,*** - **7692,MT
Nancy Nguyen,Nancy,Nguyen,07/5/1976,*** - **3939,VA
John Wells,John,Wells,05/5/1993,*** - **3026,NH
Robert Ellison,Robert,Ellison,07/6/1979,*** - **9579,NE
Keith Robinson,Keith,Robinson,04/5/1978,*** - **3579,NC
Dennis Osborn,Dennis,Osborn,11/5/1973,*** - **3531,MA
Ronald Hays,Ronald,Hays,12/1/1993,*** - **6430,TX
Leslie Brown,Leslie,Brown,06/5/1973,*** - **1806,NJ
Maria Chapman,Maria,Chapman,12/0/1973,*** - **7300,OK
Melissa Torres,Melissa,Torres,03/2/1981,*** - **6921,NM
Joshua Weaver,Joshua,Weaver,11/0/1982,*** - **7030,IA
Crystal Martin,Crystal,Martin,08/9/1993,*** - **0679,ME
Sheri Ball,Sheri,Ball,08/4/1991,*** - **7548,AZ
Steven Ritter,Steven,Ritter,02/1/1986,*** - **8004,OH
Linda Krause,Linda,Krause,12/2/1978,*** - **4382,SD
John Myers,John,Myers,07/5/1989,*** - **1869,NJ
Mark White,Mark,White,09/9/1992,*** - **7830,ID
Diana Smith,Diana,Smith,12/2/1973,*** - **3506,IL
Karen Lyons,Karen,Lyons,06/9/1990,*** - **9081,OK
Laura Glenn,Laura,Glenn,10/0/1992,*** - **1468,TX
Diana Spence,Diana,Spence,09/0/1983,*** - **4751,MA
Samantha Farley,Samantha,Farley,07/0/1977,*** - **2351,WA
Kayla Mitchell,Kayla,Mitchell,10/3/1975,*** - **9155,WI
Crystal Myers,Crystal,Myers,12/1/1980,*** - **6532,OH
Brooke Jones,Brooke,Jones,04/9/1979,*** - **2606,TN
John Mueller,John,Mueller,03/2/1987,*** - **7849,MD
Karla Rosales,Karla,Rosales,07/0/1983,*** - **1729,IL
Jennifer Brown,Jennifer,Brown,08/3/1977,*** - **0700,MA
Blake Jimenez,Blake,Jimenez,09/0/1977,*** - **3810,KS
Michael Garcia,Michael,Garcia,11/5/1980,*** - **4294,IL
Jermaine Quinn,Jermaine,Quinn,12/4/1989,*** - **1754,CA
Patricia Cruz,Patricia,Cruz,04/2/1976,*** - **3822,IN
Cameron Mcintosh,Cameron,Mcintosh,02/1/1975,*** - **8921,NV
Michelle Brewer,Michelle,Brewer,06/0/1988,*** - **6836,OK
Hannah Nolan,Hannah,Nolan,09/5/1978,*** - **1332,OK
Erica Johnson,Erica,Johnson,05/7/1978,*** - **9413,LA
Jeremy Obrien,Jeremy,Obrien,01/3/1982,*** - **7592,OR
